 {
        "name": "yearly",
        "attributes": [
            {
                "name": "factfirst",
                "type": "number"
            },
            {
                "name": "factsecond",
                "type": "string"
            }
        ],
        "decisions": [
            {
                "conditions": {
                    "all": [
                        {
                            "fact": "factfirst",
                            "operator": "equal",
                            "value": 1000,
                            "path": "$.rewardpoint"
                        },
                        {
                            "fact": "factsecond",
                            "operator": "equal",
                            "value": 85,
                            "path": "$.videowatched"
                        }
                    ]
                },
                "event":{
                    "type":"weeklyCheck",
                    "params":{"message":"Congo weekly"}
                }
            }
        ]
}
